time,rf,Nino34
1950-01-31,39.700043,-1.05
1950-02-28,30.043282,-1.5
1950-03-31,30.407682,-1.07
1950-04-30,24.034555,-0.91
1950-05-31,51.23256,-1.3
1950-06-30,149.96375,-0.86
1950-07-31,325.85892,-1.08
1950-08-31,238.35495,-0.63
1950-09-30,186.55077,-1.1
1950-10-31,50.360546,-0.83
1950-11-30,25.137194,-1.38
1950-12-31,7.91237,-1.04
1951-01-31,14.480875,-1.13
1951-02-28,10.41827,-0.74
1951-03-31,40.74225,-0.77
1951-04-30,49.25944,-0.17
1951-05-31,58.05068,-0.1
1951-06-30,145.51022,-0.09
1951-07-31,238.54247,0.66
1951-08-31,210.5696,0.9
1951-09-30,115.27913,0.67
1951-10-31,67.30111,0.79
1951-11-30,34.924324,0.78
1951-12-31,3.818033,0.71
1952-01-31,8.711527,0.39
1952-02-29,17.332342,0.24
1952-03-31,33.056885,0.04
1952-04-30,31.97917,0.41
1952-05-31,68.28287,-0.38
1952-06-30,161.80525,-0.66
1952-07-31,273.45,-0.59
1952-08-31,243.57135,-0.42
1952-09-30,120.800896,-0.35
1952-10-31,75.43173,-0.04
1952-11-30,7.1777716,-0.32
1952-12-31,19.53416,-0.55
1953-01-31,26.385447,0.36
1953-02-28,9.721606,0.24
1953-03-31,28.367481,0.22
1953-04-30,34.21813,0.77
1953-05-31,49.12703,0.35
1953-06-30,154.63766,0.41
1953-07-31,307.0953,0.2
1953-08-31,283.26196,0.04
1953-09-30,168.85297,0.67
1953-10-31,80.745995,0.11
1953-11-30,11.364538,0.31
1953-12-31,6.9605794,0.15
1954-01-31,31.289576,0.39
1954-02-28,31.418749,0.21
1954-03-31,16.86796,0.01
1954-04-30,28.964447,-0.32
1954-05-31,58.30998,-0.53
1954-06-30,144.76408,-0.8
1954-07-31,288.5891,-1.02
1954-08-31,222.63191,-1.08
1954-09-30,231.14966,-1.03
1954-10-31,72.91769,-0.91
1954-11-30,3.980337,-1.17
1954-12-31,15.170291,-0.79
1955-01-31,21.400957,-0.66
1955-02-28,4.591905,-0.79
1955-03-31,29.062078,-0.8
1955-04-30,31.859343,-0.95
1955-05-31,71.6723,-1.23
1955-06-30,172.27272,-1.2
1955-07-31,236.03076,-1.32
1955-08-31,297.5666,-0.91
1955-09-30,207.49153,-1.33
1955-10-31,142.70296,-1.59
1955-11-30,22.946674,-1.91
1955-12-31,10.052504,-1.52
1956-01-31,17.489582,-1.23
1956-02-29,10.736677,-0.98
1956-03-31,32.008434,-0.93
1956-04-30,34.855125,-0.78
1956-05-31,89.906425,-0.59
1956-06-30,200.35103,-0.83
1956-07-31,334.10562,-0.94
1956-08-31,242.14934,-0.81
1956-09-30,158.22151,-0.91
1956-10-31,147.45378,-0.69
1956-11-30,41.233173,-1.01
1956-12-31,13.820755,-0.58
1957-01-31,36.143154,-0.56
1957-02-28,13.110882,-0.24
1957-03-31,25.167118,0.08
1957-04-30,33.58984,0.42
1957-05-31,70.951546,0.45
1957-06-30,147.28204,0.53
1957-07-31,286.47867,0.69
1957-08-31,256.33197,0.79
1957-09-30,124.65072,0.53
1957-10-31,58.731663,0.74
1957-11-30,27.330986,1.09
1957-12-31,13.806639,1.18
1958-01-31,12.75519,1.54
1958-02-28,18.274084,1.4
1958-03-31,17.218441,0.99
1958-04-30,37.04499,0.31
1958-05-31,74.4502,0.32
1958-06-30,119.388145,0.3
1958-07-31,303.4812,0.04
1958-08-31,292.2984,0.24
1958-09-30,212.95822,-0.31
1958-10-31,102.28995,-0.03
1958-11-30,28.485767,0.05
1958-12-31,15.548304,0.3
1959-01-31,29.07119,0.43
1959-02-28,25.063534,0.5
1959-03-31,19.343128,0.26
1959-04-30,27.63578,0.27
1959-05-31,75.894844,-0.01
1959-06-30,159.56879,-0.33
1959-07-31,337.112,-0.28
1959-08-31,245.08763,-0.41
1959-09-30,215.61151,-0.53
1959-10-31,112.18711,0.11
1959-11-30,23.259195,-0.17
1959-12-31,5.41437,-0.05
1960-01-31,12.079028,0.02
1960-02-29,2.8124042,-0.24
1960-03-31,32.125942,-0.08
1960-04-30,18.667755,0.01
1960-05-31,56.81008,0.05
1960-06-30,149.90897,-0.2
1960-07-31,293.1148,-0.25
1960-08-31,238.54787,-0.0
1960-09-30,170.681,0.03
1960-10-31,64.81722,-0.07
1960-11-30,32.934765,-0.38
1960-12-31,7.62132,0.02
1961-01-31,23.95047,-0.15
1961-02-28,31.217888,0.04
1961-03-31,22.140554,-0.1
1961-04-30,26.46045,0.13
1961-05-31,74.46058,-0.01
1961-06-30,175.39851,0.1
1961-07-31,321.6741,-0.32
1961-08-31,269.22897,-0.25
1961-09-30,222.71625,-0.52
1961-10-31,115.39631,-0.71
1961-11-30,19.059696,-0.19
1961-12-31,10.366351,-0.29
1962-01-31,12.126098,-0.25
1962-02-28,16.447989,-0.16
1962-03-31,15.065267,-0.41
1962-04-30,31.242987,-0.32
1962-05-31,48.29717,-0.42
1962-06-30,107.839645,-0.22
1962-07-31,285.2008,-0.3
1962-08-31,253.69922,-0.13
1962-09-30,207.71666,-0.56
1962-10-31,74.13399,-0.33
1962-11-30,17.559216,-0.43
1962-12-31,25.685469,-0.49
1963-01-31,6.862204,-0.32
1963-02-28,8.063435,-0.26
1963-03-31,31.409014,-0.06
1963-04-30,42.002136,-0.06
1963-05-31,54.434956,-0.0
1963-06-30,146.58746,0.12
1963-07-31,242.44882,0.72
1963-08-31,296.13126,0.9
1963-09-30,148.8636,0.65
1963-10-31,90.62774,0.84
1963-11-30,26.030054,0.75
1963-12-31,13.799052,1.05
1964-01-31,13.78328,0.76
1964-02-29,14.699651,0.55
1964-03-31,17.409012,-0.16
1964-04-30,35.167786,-0.53
1964-05-31,48.32453,-0.74
1964-06-30,163.14851,-0.88
1964-07-31,320.81934,-0.65
1964-08-31,261.09607,-0.76
1964-09-30,190.90761,-0.93
1964-10-31,61.18681,-1.0
1964-11-30,20.418825,-1.1
1964-12-31,10.065118,-1.07
1965-01-31,9.336092,-0.57
1965-02-28,22.794653,-0.36
1965-03-31,23.320925,-0.34
1965-04-30,39.0696,-0.09
1965-05-31,45.561325,0.19
1965-06-30,118.79432,0.45
1965-07-31,267.72675,0.81
1965-08-31,196.90445,1.25
1965-09-30,128.13364,1.26
1965-10-31,33.1808,1.61
1965-11-30,17.659813,1.54
1965-12-31,21.224468,1.45
1966-01-31,12.856149,1.13
1966-02-28,22.433498,0.83
1966-03-31,16.405876,0.83
1966-04-30,28.881607,0.54
1966-05-31,56.409668,-0.06
1966-06-30,171.15439,0.14
1966-07-31,242.18924,0.23
1966-08-31,211.10873,-0.1
1966-09-30,133.92209,-0.05
1966-10-31,53.885075,-0.05
1966-11-30,48.02053,-0.37
1966-12-31,15.363254,-0.26
1967-01-31,9.42281,-0.55
1967-02-28,12.40248,-0.56
1967-03-31,55.779198,-0.47
1967-04-30,26.176802,-0.53
1967-05-31,41.913536,-0.24
1967-06-30,142.8022,-0.12
1967-07-31,296.50616,-0.1
1967-08-31,252.97789,-0.31
1967-09-30,161.95796,-0.59
1967-10-31,38.98261,-0.38
1967-11-30,11.90624,-0.34
1967-12-31,47.7936,-0.35
1968-01-31,24.925392,-0.6
1968-02-29,19.005783,-0.74
1968-03-31,26.580175,-0.76
1968-04-30,34.1231,-0.47
1968-05-31,47.530415,-0.44
1968-06-30,139.50702,0.19
1968-07-31,288.67737,0.31
1968-08-31,199.5313,0.33
1968-09-30,126.64034,0.05
1968-10-31,66.46844,0.32
1968-11-30,19.733864,0.76
1968-12-31,10.5344,0.76
1969-01-31,12.366294,0.9
1969-02-28,10.722443,1.02
1969-03-31,17.72983,0.61
1969-04-30,41.157307,0.33
1969-05-31,62.81315,0.39
1969-06-30,125.85506,0.26
1969-07-31,292.4442,0.1
1969-08-31,240.92943,0.52
1969-09-30,164.76442,0.47
1969-10-31,51.418926,0.66
1969-11-30,34.795746,0.75
1969-12-31,13.142271,0.68
1970-01-31,22.339376,0.55
1970-02-28,21.052446,0.36
1970-03-31,21.909693,0.26
1970-04-30,29.023981,0.18
1970-05-31,59.715485,0.01
1970-06-30,205.84521,-0.3
1970-07-31,240.95505,-0.98
1970-08-31,291.43515,-0.95
1970-09-30,211.01799,-0.78
1970-10-31,67.830444,-0.65
1970-11-30,13.456245,-0.85
1970-12-31,0.9263251,-1.11
1971-01-31,16.444054,-1.47
1971-02-28,17.894684,-1.28
1971-03-31,9.656722,-1.29
1971-04-30,48.017838,-0.97
1971-05-31,69.54937,-0.82
1971-06-30,222.4333,-0.78
1971-07-31,263.1338,-0.64
1971-08-31,258.95752,-0.65
1971-09-30,142.15349,-0.75
1971-10-31,98.38907,-0.78
1971-11-30,13.842812,-0.85
1971-12-31,11.788406,-0.89
1972-01-31,9.280386,-0.58
1972-02-29,23.693428,-0.22
1972-03-31,18.59383,-0.25
1972-04-30,37.216236,0.21
1972-05-31,57.565838,0.33
1972-06-30,121.785576,0.66
1972-07-31,202.42006,0.83
1972-08-31,210.56058,1.3
1972-09-30,126.53605,1.19
1972-10-31,61.67676,1.77
1972-11-30,27.547377,1.87
1972-12-31,21.598978,2.19
1973-01-31,16.751781,1.6
1973-02-28,18.379337,1.08
1973-03-31,17.01601,0.58
1973-04-30,27.331844,-0.07
1973-05-31,58.64894,-0.56
1973-06-30,157.98021,-0.86
1973-07-31,268.23755,-1.14
1973-08-31,295.78564,-1.21
1973-09-30,182.04863,-1.4
1973-10-31,111.08656,-1.58
1973-11-30,17.290178,-2.07
1973-12-31,15.386399,-2.18
1974-01-31,15.677619,-2.02
1974-02-28,12.822558,-1.5
1974-03-31,19.111732,-1.44
1974-04-30,32.525932,-1.0
1974-05-31,64.24767,-0.79
1974-06-30,131.86856,-0.7
1974-07-31,291.18375,-0.65
1974-08-31,237.01903,-0.32
1974-09-30,144.61838,-0.35
1974-10-31,95.8221,-0.75
1974-11-30,10.060615,-0.96
1974-12-31,9.272042,-0.86
1975-01-31,17.229616,-0.37
1975-02-28,21.618067,-0.33
1975-03-31,26.25941,-0.59
1975-04-30,38.14371,-0.59
1975-05-31,52.396473,-1.0
1975-06-30,176.91159,-1.25
1975-07-31,316.19543,-1.24
1975-08-31,277.49423,-1.16
1975-09-30,224.22778,-1.44
1975-10-31,113.508965,-1.47
1975-11-30,22.111485,-1.46
1975-12-31,4.554207,-1.64
1976-01-31,10.081698,-1.8
1976-02-29,22.758888,-1.05
1976-03-31,27.949436,-0.68
1976-04-30,40.824272,-0.42
1976-05-31,48.849216,-0.49
1976-06-30,160.47166,0.0
1976-07-31,296.10043,0.15
1976-08-31,289.73795,0.31
1976-09-30,140.63911,0.57
1976-10-31,35.41292,0.86
1976-11-30,52.915787,0.88
1976-12-31,8.027406,0.64
1977-01-31,20.226774,0.84
1977-02-28,10.720173,0.55
1977-03-31,15.779989,0.4
1977-04-30,69.99485,-0.25
1977-05-31,88.952576,-0.03
1977-06-30,184.22961,0.36
1977-07-31,310.21994,0.45
1977-08-31,244.25398,0.25
1977-09-30,146.4435,0.44
1977-10-31,85.536316,0.89
1977-11-30,62.48486,1.03
1977-12-31,16.739542,1.09
1978-01-31,11.504987,0.72
1978-02-28,26.84559,0.51
1978-03-31,44.621956,0.06
1978-04-30,34.82608,-0.37
1978-05-31,60.76645,-0.49
1978-06-30,204.34383,-0.45
1978-07-31,285.63123,-0.48
1978-08-31,271.38586,-0.62
1978-09-30,160.94824,-0.6
1978-10-31,49.151993,-0.34
1978-11-30,52.542614,-0.15
1978-12-31,18.660181,0.07
1979-01-31,23.941492,0.05
1979-02-28,34.878582,0.09
1979-03-31,32.319443,0.13
1979-04-30,24.70723,0.17
1979-05-31,57.95938,-0.09
1979-06-30,134.01129,0.04
1979-07-31,236.44398,-0.2
1979-08-31,206.54982,0.21
1979-09-30,132.38815,0.48
1979-10-31,57.450333,0.32
1979-11-30,71.87218,0.35
1979-12-31,16.807697,0.69
1980-01-31,15.004333,0.55
1980-02-29,28.887896,0.33
1980-03-31,33.917366,0.09
1980-04-30,38.05982,0.2
1980-05-31,55.274643,0.13
1980-06-30,225.8994,0.37
1980-07-31,296.40125,0.02
1980-08-31,257.6584,-0.23
1980-09-30,140.55132,-0.12
1980-10-31,49.54133,-0.11
1980-11-30,21.6537,0.1
1980-12-31,16.866264,0.36
1981-01-31,25.579542,-0.45
1981-02-28,19.93486,-0.45
1981-03-31,45.257965,-0.02
1981-04-30,35.318092,-0.17
1981-05-31,63.931053,-0.11
1981-06-30,143.48349,-0.15
1981-07-31,305.87698,-0.43
1981-08-31,232.69807,-0.18
1981-09-30,181.51251,-0.07
1981-10-31,43.71053,-0.03
1981-11-30,27.02052,-0.27
1981-12-31,14.303367,0.07
1982-01-31,28.472202,-0.04
1982-02-28,28.37804,-0.13
1982-03-31,47.220966,-0.02
1982-04-30,55.821407,0.24
1982-05-31,62.69045,0.65
1982-06-30,141.76544,0.92
1982-07-31,227.89197,0.64
1982-08-31,266.63477,0.93
1982-09-30,123.996735,1.39
1982-10-31,48.24743,2.0
1982-11-30,44.408455,2.07
1982-12-31,14.908132,2.33
1983-01-31,20.37359,2.43
1983-02-28,22.342403,2.22
1983-03-31,46.999496,1.69
1983-04-30,58.996292,1.12
1983-05-31,69.611755,1.12
1983-06-30,150.58922,0.62
1983-07-31,279.5798,-0.11
1983-08-31,289.23526,-0.13
1983-09-30,243.96992,-0.5
1983-10-31,85.43058,-1.03
1983-11-30,10.48571,-1.13
1983-12-31,24.054379,-0.95
1984-01-31,19.97934,-0.8
1984-02-29,38.77145,-0.53
1984-03-31,22.48302,-0.48
1984-04-30,52.387856,-0.6
1984-05-31,60.2863,-0.64
1984-06-30,189.59203,-0.9
1984-07-31,276.61273,-0.4
1984-08-31,246.55432,-0.4
1984-09-30,150.82245,-0.35
1984-10-31,57.297768,-0.83
1984-11-30,16.291954,-1.18
1984-12-31,16.167332,-1.53
1985-01-31,26.717169,-0.89
1985-02-28,10.03929,-0.91
1985-03-31,25.658722,-0.96
1985-04-30,42.993786,-0.98
1985-05-31,62.65688,-0.9
1985-06-30,154.71703,-0.76
1985-07-31,278.83127,-0.61
1985-08-31,223.23921,-0.49
1985-09-30,149.61871,-0.57
1985-10-31,113.46211,-0.64
1985-11-30,18.56005,-0.43
1985-12-31,28.301125,-0.4
1986-01-31,14.294255,-0.79
1986-02-28,38.34052,-0.64
1986-03-31,37.86373,-0.51
1986-04-30,58.254284,-0.41
1986-05-31,51.46029,-0.47
1986-06-30,176.7986,-0.08
1986-07-31,252.41837,0.16
1986-08-31,215.85805,0.24
1986-09-30,124.8324,0.59
1986-10-31,72.02089,0.9
1986-11-30,44.646122,1.04
1986-12-31,28.60006,0.98
1987-01-31,13.347222,1.19
1987-02-28,21.804546,1.17
1987-03-31,31.855738,1.24
1987-04-30,54.362457,0.89
1987-05-31,69.508125,0.91
1987-06-30,131.44931,1.24
1987-07-31,222.72725,1.34
1987-08-31,240.35834,1.48
1987-09-30,149.29285,1.53
1987-10-31,92.39487,1.36
1987-11-30,40.533306,1.29
1987-12-31,20.918474,1.05
1988-01-31,10.235528,0.69
1988-02-29,31.400188,0.35
1988-03-31,56.38951,0.29
1988-04-30,43.03024,-0.49
1988-05-31,69.60164,-1.05
1988-06-30,149.31155,-1.46
1988-07-31,362.00275,-1.54
1988-08-31,290.2741,-1.44
1988-09-30,206.75464,-1.33
1988-10-31,48.827496,-2.09
1988-11-30,15.594744,-2.18
1988-12-31,18.793453,-1.98
1989-01-31,16.306597,-1.95
1989-02-28,18.315752,-1.37
1989-03-31,28.087685,-1.33
1989-04-30,41.90389,-1.11
1989-05-31,62.218018,-0.8
1989-06-30,181.44653,-0.64
1989-07-31,295.0534,-0.47
1989-08-31,229.24435,-0.58
1989-09-30,158.62007,-0.38
1989-10-31,48.030533,-0.4
1989-11-30,21.184628,-0.3
1989-12-31,15.468596,-0.13
1990-01-31,15.405324,0.02
1990-02-28,42.232704,0.36
1990-03-31,55.67747,0.2
1990-04-30,49.008465,0.26
1990-05-31,106.61474,0.32
1990-06-30,185.2265,0.0
1990-07-31,276.82248,0.15
1990-08-31,280.9566,0.17
1990-09-30,188.18777,0.12
1990-10-31,100.13621,0.13
1990-11-30,28.102173,0.08
1990-12-31,28.39015,0.32
1991-01-31,14.784028,0.51
1991-02-28,27.482576,0.32
1991-03-31,30.44513,0.1
1991-04-30,49.79216,0.21
1991-05-31,73.85436,0.44
1991-06-30,182.62956,0.65
1991-07-31,267.06122,0.62
1991-08-31,248.16896,0.43
1991-09-30,137.10081,0.22
1991-10-31,55.14902,0.91
1991-11-30,29.885141,1.14
1991-12-31,15.004984,1.62
1992-01-31,21.23803,1.61
1992-02-29,17.070715,1.62
1992-03-31,28.877695,1.5
1992-04-30,27.171715,1.41
1992-05-31,60.16152,1.27
1992-06-30,134.51999,0.53
1992-07-31,264.52277,0.27
1992-08-31,266.86682,-0.15
1992-09-30,159.34904,-0.14
1992-10-31,61.568058,-0.35
1992-11-30,40.50866,-0.14
1992-12-31,5.6086493,0.04
1993-01-31,19.727747,0.28
1993-02-28,28.897385,0.42
1993-03-31,44.935295,0.47
1993-04-30,26.697,0.92
1993-05-31,70.75719,0.93
1993-06-30,166.5922,0.64
1993-07-31,298.75082,0.33
1993-08-31,202.30005,0.16
1993-09-30,204.65103,0.26
1993-10-31,80.6361,0.36
1993-11-30,28.5309,0.28
1993-12-31,16.031399,0.19
1994-01-31,24.52481,0.03
1994-02-28,27.742445,-0.16
1994-03-31,29.722847,-0.06
1994-04-30,50.099163,0.03
1994-05-31,52.083973,0.14
1994-06-30,199.58588,0.27
1994-07-31,328.04056,0.16
1994-08-31,265.78638,0.52
1994-09-30,151.81189,0.4
1994-10-31,77.973724,0.9
1994-11-30,24.528208,1.14
1994-12-31,20.508833,1.21
1995-01-31,29.838984,1.1
1995-02-28,29.436361,0.87
1995-03-31,31.472412,0.49
1995-04-30,37.241833,0.27
1995-05-31,82.159065,0.03
1995-06-30,140.71667,0.08
1995-07-31,306.67508,0.03
1995-08-31,258.46115,-0.38
1995-09-30,182.9141,-0.57
1995-10-31,73.922195,-0.72
1995-11-30,32.492523,-0.78
1995-12-31,8.467465,-0.72
1996-01-31,28.382294,-0.65
1996-02-29,27.327978,-0.66
1996-03-31,38.52362,-0.48
1996-04-30,37.239902,-0.34
1996-05-31,64.64091,-0.4
1996-06-30,177.5167,-0.12
1996-07-31,260.00528,-0.14
1996-08-31,276.94418,-0.3
1996-09-30,138.12416,-0.34
1996-10-31,95.737686,-0.28
1996-11-30,11.861233,-0.3
1996-12-31,17.758324,-0.43
1997-01-31,12.908309,-0.43
1997-02-28,11.933732,-0.24
1997-03-31,35.505737,-0.06
1997-04-30,44.45951,0.34
1997-05-31,47.80433,0.87
1997-06-30,169.14183,1.15
1997-07-31,268.64478,1.6
1997-08-31,261.88348,1.94
1997-09-30,148.68472,2.1
1997-10-31,55.100704,2.29
1997-11-30,54.9266,2.42
1997-12-31,50.877956,2.3
1998-01-31,15.538609,2.42
1998-02-28,26.725334,2.08
1998-03-31,39.567863,1.49
1998-04-30,36.966022,0.9
1998-05-31,50.25468,0.68
1998-06-30,167.5839,-0.39
1998-07-31,275.80804,-0.73
1998-08-31,243.16855,-0.83
1998-09-30,191.64629,-0.82
1998-10-31,106.077194,-1.19
1998-11-30,38.071323,-1.23
1998-12-31,10.377161,-1.51
1999-01-31,12.264429,-1.53
1999-02-28,10.637957,-1.41
1999-03-31,10.937442,-0.92
1999-04-30,22.113367,-0.81
1999-05-31,90.627014,-0.87
1999-06-30,163.01804,-0.95
1999-07-31,255.43852,-0.84
1999-08-31,208.81294,-0.98
1999-09-30,176.1446,-0.84
1999-10-31,115.433304,-1.03
1999-11-30,17.651842,-1.41
1999-12-31,3.1806562,-1.54
2000-01-31,13.240027,-1.79
2000-02-29,25.8636,-1.53
2000-03-31,15.258712,-1.26
2000-04-30,34.070354,-0.8
2000-05-31,71.288536,-0.8
2000-06-30,178.88676,-0.75
2000-07-31,255.196,-0.57
2000-08-31,218.09921,-0.36
2000-09-30,131.42023,-0.39
2000-10-31,39.484646,-0.55
2000-11-30,15.686552,-0.75
2000-12-31,8.47595,-0.92
2001-01-31,5.9144897,-0.88
2001-02-28,9.647918,-0.63
2001-03-31,19.761024,-0.48
2001-04-30,42.947292,-0.3
2001-05-31,61.083027,-0.3
2001-06-30,215.25851,-0.11
2001-07-31,271.03555,0.01
2001-08-31,202.68045,-0.07
2001-09-30,110.337326,-0.28
2001-10-31,98.52067,-0.26
2001-11-30,18.916943,-0.28
2001-12-31,6.684009,-0.46
2002-01-31,17.446945,-0.14
2002-02-28,20.72951,0.0
2002-03-31,29.212347,0.11
2002-04-30,42.645054,0.14
2002-05-31,56.36969,0.21
2002-06-30,167.0332,0.68
2002-07-31,150.84505,0.57
2002-08-31,237.28503,0.7
2002-09-30,138.7883,0.82
2002-10-31,53.7386,1.16
2002-11-30,14.64491,1.41
2002-12-31,4.753267,1.41
2003-01-31,6.96751,0.98
2003-02-28,35.142387,0.64
2003-03-31,33.300457,0.48
2003-04-30,37.942905,-0.03
2003-05-31,40.470333,-0.52
2003-06-30,169.13493,-0.19
2003-07-31,313.38977,0.14
2003-08-31,233.40373,0.05
2003-09-30,178.33234,0.15
2003-10-31,91.34365,0.46
2003-11-30,8.9825735,0.39
2003-12-31,16.28329,0.32
2004-01-31,19.945364,0.26
2004-02-29,8.362349,0.17
2004-03-31,9.914105,-0.1
2004-04-30,57.50269,0.06
2004-05-31,77.413826,0.1
2004-06-30,160.40303,0.14
2004-07-31,228.24297,0.41
2004-08-31,250.47362,0.66
2004-09-30,122.98156,0.67
2004-10-31,92.88265,0.73
2004-11-30,14.889545,0.62
2004-12-31,5.205257,0.71
2005-01-31,35.080418,0.56
2005-02-28,36.70532,0.26
2005-03-31,42.913136,0.28
2005-04-30,39.13577,0.28
2005-05-31,48.373592,0.3
2005-06-30,137.71527,0.22
2005-07-31,312.3458,-0.01
2005-08-31,197.9167,-0.04
2005-09-30,194.9026,-0.08
2005-10-31,93.22165,-0.15
2005-11-30,25.228483,-0.44
2005-12-31,11.615786,-0.75
2006-01-31,14.448022,-0.98
2006-02-28,11.653799,-0.71
2006-03-31,33.96882,-0.73
2006-04-30,33.80568,-0.3
2006-05-31,73.27186,-0.11
2006-06-30,148.62425,0.09
2006-07-31,284.78766,0.03
2006-08-31,283.93845,0.37
2006-09-30,173.84906,0.63
2006-10-31,51.881336,0.76
2006-11-30,38.238777,0.98
2006-12-31,13.756251,1.1
2007-01-31,2.0380454,0.59
2007-02-28,39.1951,0.12
2007-03-31,36.52766,-0.15
2007-04-30,33.01739,-0.16
2007-05-31,50.00578,-0.39
2007-06-30,188.73083,-0.16
2007-07-31,277.20483,-0.37
2007-08-31,257.63687,-0.57
2007-09-30,200.1149,-1.04
2007-10-31,57.389435,-1.4
2007-11-30,12.911865,-1.58
2007-12-31,16.948647,-1.61
2008-01-31,20.736511,-1.79
2008-02-29,15.785723,-1.7
2008-03-31,37.269726,-1.17
2008-04-30,29.422457,-0.89
2008-05-31,45.30453,-0.64
2008-06-30,209.4482,-0.44
2008-07-31,238.72678,-0.04
2008-08-31,258.81543,-0.04
2008-09-30,162.14156,-0.28
2008-10-31,50.232883,-0.3
2008-11-30,25.455793,-0.37
2008-12-31,11.159967,-0.9
2009-01-31,11.669304,-1.0
2009-02-28,12.568711,-0.71
2009-03-31,14.525169,-0.72
2009-04-30,26.84495,-0.25
2009-05-31,61.449497,0.17
2009-06-30,93.401596,0.49
2009-07-31,283.41455,0.69
2009-08-31,199.80447,0.62
2009-09-30,139.98805,0.68
2009-10-31,73.47408,0.96
2009-11-30,57.133976,1.49
2009-12-31,12.604273,1.81
2010-01-31,8.614745,1.43
2010-02-28,16.207996,1.18
2010-03-31,20.19524,1.07
2010-04-30,53.44373,0.56
2010-05-31,81.264824,-0.15
2010-06-30,141.62624,-0.62
2010-07-31,291.8045,-0.89
2010-08-31,263.9358,-1.33
2010-09-30,199.17082,-1.56
2010-10-31,68.053696,-1.65
2010-11-30,59.028522,-1.57
2010-12-31,22.185062,-1.63
2011-01-31,8.42418,-1.7
2011-02-28,30.587952,-1.26
2011-03-31,25.440516,-0.98
2011-04-30,42.917667,-0.74
2011-05-31,53.326664,-0.53
2011-06-30,189.37236,-0.25
2011-07-31,257.25192,-0.23
2011-08-31,284.06128,-0.66
2011-09-30,189.81396,-0.76
2011-10-31,33.746967,-0.93
2011-11-30,17.60487,-1.09
2011-12-31,10.098123,-1.05
2012-01-31,28.371237,-0.93
2012-02-29,17.199282,-0.61
2012-03-31,13.023743,-0.48
2012-04-30,56.6228,-0.29
2012-05-31,38.46928,-0.18
2012-06-30,131.92604,0.14
2012-07-31,253.73315,0.44
2012-08-31,264.51868,0.66
2012-09-30,180.90181,0.44
2012-10-31,46.061207,0.23
2012-11-30,27.642445,0.33
2012-12-31,6.7112665,-0.13
2013-01-31,10.612153,-0.42
2013-02-28,37.583878,-0.4
2013-03-31,16.756327,-0.14
2013-04-30,33.98209,-0.08
2013-05-31,62.908096,-0.28
2013-06-30,219.25027,-0.33
2013-07-31,307.70587,-0.28
2013-08-31,247.85513,-0.29
2013-09-30,151.2382,-0.09
2013-10-31,126.37346,-0.24
2013-11-30,12.209438,-0.02
2013-12-31,6.044319,-0.09
2014-01-31,16.592184,-0.42
2014-02-28,28.166397,-0.45
2014-03-31,35.491898,-0.07
2014-04-30,22.355206,0.28
2014-05-31,79.5111,0.45
2014-06-30,97.0482,0.48
2014-07-31,258.54553,0.13
2014-08-31,236.45502,0.14
2014-09-30,174.9453,0.37
2014-10-31,56.783993,0.48
2014-11-30,14.230839,0.89
2014-12-31,11.185855,0.77
2015-01-31,18.038244,0.59
2015-02-28,18.802654,0.57
2015-03-31,52.621227,0.48
2015-04-30,68.7668,0.9
2015-05-31,56.554684,1.04
2015-06-30,194.45438,1.28
2015-07-31,238.78534,1.56
2015-08-31,206.03389,1.87
2015-09-30,124.5247,2.01
2015-10-31,40.84085,2.21
2015-11-30,40.864536,2.57
2015-12-31,14.89154,2.56
2016-01-31,7.6370597,2.56
2016-02-29,11.067995,2.11
2016-03-31,30.764996,1.6
2016-04-30,46.369556,1.05
2016-05-31,75.22932,0.45
2016-06-30,148.39574,0.06
2016-07-31,313.54407,-0.25
2016-08-31,229.64124,-0.48
2016-09-30,167.46233,-0.46
2016-10-31,54.62101,-0.75
2016-11-30,7.1591215,-0.63
2016-12-31,7.022674,-0.51
2017-01-31,19.123981,-0.34
2017-02-28,12.102378,-0.01
2017-03-31,30.934956,-0.09
2017-04-30,51.28727,0.22
2017-05-31,60.25853,0.3
2017-06-30,171.09619,0.22
2017-07-31,291.2816,0.22
2017-08-31,231.88802,-0.18
2017-09-30,152.1765,-0.56
2017-10-31,82.2359,-0.52
2017-11-30,15.133652,-0.84
2017-12-31,13.168462,-0.85
2018-01-31,2.604822,-0.86
2018-02-28,10.68313,-0.73
2018-03-31,17.679914,-0.73
2018-04-30,42.992485,-0.36
2018-05-31,65.55773,-0.12
2018-06-30,156.83688,0.12
2018-07-31,271.59164,0.27
2018-08-31,231.31183,0.05
2018-09-30,130.87581,0.3
2018-10-31,35.969803,0.84
2018-11-30,17.899742,1.0
2018-12-31,13.442124,0.97
2019-01-31,14.632441,0.51
2019-02-28,30.15094,0.62
2019-03-31,18.614828,0.81
2019-04-30,31.668184,0.67
2019-05-31,59.670708,0.61
2019-06-30,113.251976,0.66
2019-07-31,295.65588,0.41
2019-08-31,296.90555,0.19
2019-09-30,254.77141,0.11
2019-10-31,106.586975,0.55
2019-11-30,29.444809,0.74
2019-12-31,17.634457,0.51
2020-01-31,30.399902,0.64
2020-02-29,12.150404,0.48
2020-03-31,36.551376,0.36
2020-04-30,44.088394,0.49
2020-05-31,74.18712,-0.12
2020-06-30,198.7558,-0.21
2020-07-31,262.62518,-0.04
2020-08-31,317.20267,-0.42
2020-09-30,178.37192,-0.66
2020-10-31,76.67687,-1.19
2020-11-30,29.949806,-1.01
2020-12-31,15.537338,-0.98
2021-01-31,18.374325,-1.04
2021-02-28,7.337142,-0.94
2021-03-31,16.47153,-0.72
2021-04-30,32.060944,-0.55
2021-05-31,112.23799,-0.41
2021-06-30,185.42627,-0.06
2021-07-31,258.3435,-0.2
2021-08-31,199.33517,-0.38
2021-09-30,222.28708,-0.5
2021-10-31,98.22979,-0.78
2021-11-30,55.19315,-0.88
2021-12-31,19.817528,-1.07
2022-01-31,34.148132,-0.77
2022-02-28,18.33823,-0.68
2022-03-31,10.424681,-0.84
2022-04-30,46.516277,-0.9
2022-05-31,85.96834,-1.02
2022-06-30,160.11751,-0.77
2022-07-31,321.76132,-0.56
2022-08-31,257.58585,-0.96
2022-09-30,180.47346,-1.06
2022-10-31,111.7198,-0.99
2022-11-30,17.005377,-0.76
2022-12-31,13.118745,-0.86
